{
    "align": {
        "button_text_align": [
            0.5,
            0.5
        ],
        "selectable_text_align": [
            0.5,
            0.5
        ],
        "separator_text_align": [
            0.5,
            0.5
        ],
        "window_title_align": [
            0.5,
            0.5
        ]
    },
    "anti_aliased_fill": true,
    "anti_aliased_lines": true,
    "anti_aliased_lines_use_tex": true,
    "colors": {
        "border": [
            0.09,
            0.09,
            0.09,
            0.5
        ],
        "border_shadow": [
            0.0,
            0.0,
            0.0,
            0.0
        ],
        "button": [
            0.104,
            0.104,
            0.104,
            1.0
        ],
        "button_active": [
            0.210,
            0.210,
            0.210,
            1.0
        ],
        "button_hovered": [
            0.182,
            0.182,
            0.182,
            1.0
        ],
        "check_mark": [
            0.85999999046325684,
            0.8599999737739563,
            0.8500000190734863,
            1.0
        ],
        "child_background": [
            0.066,
            0.066,
            0.066,
            1.0
        ],
        "docking_empty_background": [
            0.198023224,
            0.198023224,
            0.198023224,
            1.0
        ],
        "docking_preview": [
            0.25999999046325684,
            0.2899999737739563,
            0.2800000190734863,
            0.699999988079071
        ],
        "drag_drop_target": [
            1.0,
            1.0,
            0.0,
            0.8999999761581421
        ],
        "frame_background": [
            0.1599999964237213,
            0.18999999165534973,
            0.17999998927116394,
            0.5400000214576721
        ],
        "frame_background_active": [
            0.25999999046325684,
            0.2899999737739563,
            0.2800000190734863,
            0.6700000166893005
        ],
        "frame_background_hovered": [
            0.25999999046325684,
            0.2899999737739563,
            0.2800000190734863,
            0.4000000059604645
        ],
         "header": [
             0.050,
             0.050,
             0.050,
             0.5
         ],
         "headerActive": [
             0.080,
             0.080,
             0.080,
             1.0
         ],
        "headerHovered": [
            0.18,
            0.18,
            0.18,
            0.800000011920929
        ],
        "menubar_background": [
            0.2000000059604645,
            0.2000000059604645,
            0.2000000059604645,
            1.0
        ],
        "modal_window_dim_background": [
            0.100000011920929,
            0.100000011920929,
            0.100000011920929,
            0.3499999940395355
        ],
        "nav_highlight": [
            0.15999999046325684,
            0.1899999737739563,
            0.1800000190734863,
            1.0
        ],
        "nav_windowing_dim_background": [
            0.100000011920929,
            0.100000011920929,
            0.100000011920929,
            0.20000000298023224
        ],
        "nav_windowing_highlight": [
            0.5,
            0.5,
            0.5,
            0.699999988079071
        ],
        "plot_histogram": [
            0.8999999761581421,
            0.699999988079071,
            0.0,
            1.0
        ],
        "plot_histogram_hovered": [
            1.0,
            0.6000000238418579,
            0.0,
            1.0
        ],
        "plot_lines": [
            0.6100000143051147,
            0.6100000143051147,
            0.6100000143051147,
            1.0
        ],
        "plot_lines_hovered": [
            1.0,
            0.4300000071525574,
            0.3499999940395355,
            1.0
        ],
        "popup_background": [
            0.05,
            0.047,
            0.047,
            0.9399999976158142
        ],
        "resize_grip": [
            0.15999999046325684,
            0.1899999737739563,
            0.1800000190734863,
            0.20000000298023224
        ],
        "resize_grip_active": [
            0.25999999046325684,
            0.2899999737739563,
            0.2800000190734863,
            0.949999988079071
        ],
        "resize_grip_hovered": [
            0.25999999046325684,
            0.2899999737739563,
            0.2800000190734863,
            0.6700000166893005
        ],
        "scrollbar_background": [
            0.119999999552965164,
            0.119999999552965164,
            0.119999999552965164,
            0.5299999713897705
        ],
        "scrollbar_grab": [
            0.3100000023841858,
            0.3100000023841858,
            0.3100000023841858,
            1.0
        ],
        "scrollbar_grab_active": [
            0.2099999904632568,
            0.2099999904632568,
            0.2099999904632568,
            1.0
        ],
        "scrollbar_grab_hovered": [
            0.2099999964237213,
            0.2099999964237213,
            0.2099999964237213,
            1.0
        ],
        "separator": [
            0.2300000071525574,
            0.2300000071525574,
            0.2,
            0.2
        ],
        "separator_active": [
            0.20000000149011612,
            0.2000000059604645,
            0.25,
            1.0
        ],
        "separator_hovered": [
            0.20000000149011612,
            0.2000000059604645,
            0.25,
            0.7799999713897705
        ],
        "slider_grab": [
            0.05,
            0.05,
            0.05,
            0.45
        ],
        "slider_grab_active": [
            0.105,
            0.105,
            0.105,
            1.0
        ],
        "tab": [
            0.221,
            0.221,
            0.211,
            0.6
        ],
        "tab_active": [
            0.25,
            0.25,
            0.25,
            1.0
        ],
        "tab_hovered": [
            0.27,
            0.27,
            0.27,
            1.0
        ],
        "tab_unfocused": [
            0.160,
            0.160,
            0.160,
            0.9724000096321106
        ],
        "tab_unfocused_active": [
            0.166,
            0.166,
            0.166,
            1.0
        ],
        "table_border_light": [
            0.23000000417232513,
            0.23000000417232513,
            0.25,
            1.0
        ],
        "table_border_strong": [
            0.3100000023841858,
            0.3100000023841858,
            0.3499999940395355,
            1.0
        ],
        "table_header_background": [
            0.1899999976158142,
            0.1899999976158142,
            0.20000000298023224,
            1.0
        ],
        "table_row_background": [
            0.140,
            0.140,
            0.140,
            1.0
        ],
        "table_row_background_alternative": [
            0.140,
            0.140,
            0.140,
            1.0
        ],
        "text": [
            0.95,
            0.95,
            0.97,
            1.0
        ],
        "textDisabled": [
            0.5,
            0.5,
            0.5,
            1.0
        ],
        "text_selected_background": [
            0.25999999046325684,
            0.5899999737739563,
            0.9800000190734863,
            0.3499999940395355
        ],
        "title_background": [
            0.13999999910593033,
            0.13999999910593033,
            0.13999999910593033,
            1.0
        ],
        "title_background_active": [
            0.127,
            0.127,
            0.127,
            1.0
        ],
        "window_background": [
            0.187,
            0.187,
            0.187,
            1.0
        ]
    },
    "misc": {
        "alpha": 1.0,
        "circle_tessellation_max_error": 0.30000001192092896,
        "color_button_position": 1,